{
  "raw": {
    "rf": {
      "acc": 98.64038069340585,
      "macro_f1": 96.35664915860336,
      "macro_tpr": 95.86573294629899,
      "macro_fpr": 0.36611347127610594,
      "confusion_matrix": [
        [
          97,
          4,
          0,
          0,
          5
        ],
        [
          7,
          118,
          0,
          0,
          5
        ],
        [
          0,
          0,
          1943,
          56,
          1
        ],
        [
          0,
          0,
          0,
          1648,
          0
        ],
        [
          1,
          1,
          0,
          0,
          1998
        ]
      ],
      "fit_time_sec": 0.61
    },
    "n_feat": 30
  },
  "covas": {
    "rf": {
      "acc": 98.69136641740313,
      "macro_f1": 96.74359475935883,
      "macro_tpr": 96.43177068214804,
      "macro_fpr": 0.3523389672101573,
      "confusion_matrix": [
        [
          100,
          3,
          0,
          0,
          3
        ],
        [
          7,
          118,
          0,
          0,
          5
        ],
        [
          0,
          0,
          1943,
          56,
          1
        ],
        [
          0,
          0,
          0,
          1648,
          0
        ],
        [
          1,
          1,
          0,
          0,
          1998
        ]
      ],
      "fit_time_sec": 0.4
    },
    "n_feat": 29
  },
  "shap_real": {
    "rf": {
      "acc": 98.65737593473828,
      "macro_f1": 96.60227264011752,
      "macro_tpr": 96.05441219158199,
      "macro_fpr": 0.3643111160793271,
      "confusion_matrix": [
        [
          98,
          2,
          0,
          0,
          6
        ],
        [
          7,
          118,
          0,
          0,
          5
        ],
        [
          0,
          0,
          1943,
          56,
          1
        ],
        [
          0,
          0,
          0,
          1648,
          0
        ],
        [
          1,
          1,
          0,
          0,
          1998
        ]
      ],
      "fit_time_sec": 0.31
    },
    "xgb": {
      "acc": 98.64038069340585,
      "macro_f1": 96.38285204783965,
      "macro_tpr": 96.68946298984037,
      "macro_fpr": 0.3572170746004469,
      "confusion_matrix": [
        [
          100,
          2,
          0,
          1,
          3
        ],
        [
          9,
          120,
          0,
          0,
          1
        ],
        [
          0,
          0,
          1944,
          56,
          0
        ],
        [
          0,
          0,
          0,
          1648,
          0
        ],
        [
          6,
          1,
          1,
          0,
          1992
        ]
      ],
      "fit_time_sec": 0.43
    },
    "n_feat": 23
  },
  "tvae_final": {
    "n_feat": 23,
    "rf": {
      "acc": 98.64038069340585,
      "macro_f1": 96.43567395558753,
      "macro_tpr": 96.00957910014515,
      "macro_fpr": 0.36611347127610594,
      "confusion_matrix": [
        [
          97,
          3,
          0,
          0,
          6
        ],
        [
          7,
          119,
          0,
          0,
          4
        ],
        [
          0,
          0,
          1943,
          56,
          1
        ],
        [
          0,
          0,
          0,
          1648,
          0
        ],
        [
          1,
          2,
          0,
          0,
          1997
        ]
      ],
      "per_class_f1": [
        0.919431279620853,
        0.937007874015748,
        0.985544002028912,
        0.9832935560859188,
        0.9965069860279441
      ],
      "fit_time_sec": 4.71
    },
    "xgb": {
      "acc": 98.55540448674371,
      "macro_f1": 95.66690942665304,
      "macro_tpr": 94.8133236574746,
      "macro_fpr": 0.3897443036840774,
      "confusion_matrix": [
        [
          93,
          3,
          1,
          1,
          8
        ],
        [
          9,
          116,
          0,
          0,
          5
        ],
        [
          0,
          0,
          1944,
          56,
          0
        ],
        [
          0,
          0,
          0,
          1648,
          0
        ],
        [
          0,
          2,
          0,
          0,
          1998
        ]
      ],
      "per_class_f1": [
        0.8942307692307693,
        0.9243027888446215,
        0.9855513307984791,
        0.9830002982403817,
        0.9962602842183994
      ],
      "fit_time_sec": 2.23
    }
  }
}