{
  "models": {
    "rf": {
      "acc": 98.64038069340585,
      "macro_f1": 96.43567395558753,
      "macro_tpr": 96.00957910014515,
      "macro_fpr": 0.36611347127610594,
      "confusion_matrix": [
        [
          97,
          3,
          0,
          0,
          6
        ],
        [
          7,
          119,
          0,
          0,
          4
        ],
        [
          0,
          0,
          1943,
          56,
          1
        ],
        [
          0,
          0,
          0,
          1648,
          0
        ],
        [
          1,
          2,
          0,
          0,
          1997
        ]
      ],
      "per_class_f1": [
        0.919431279620853,
        0.937007874015748,
        0.985544002028912,
        0.9832935560859188,
        0.9965069860279441
      ],
      "fit_time_sec": 4.71
    },
    "xgb": {
      "acc": 98.55540448674371,
      "macro_f1": 95.66690942665304,
      "macro_tpr": 94.8133236574746,
      "macro_fpr": 0.3897443036840774,
      "confusion_matrix": [
        [
          93,
          3,
          1,
          1,
          8
        ],
        [
          9,
          116,
          0,
          0,
          5
        ],
        [
          0,
          0,
          1944,
          56,
          0
        ],
        [
          0,
          0,
          0,
          1648,
          0
        ],
        [
          0,
          2,
          0,
          0,
          1998
        ]
      ],
      "per_class_f1": [
        0.8942307692307693,
        0.9243027888446215,
        0.9855513307984791,
        0.9830002982403817,
        0.9962602842183994
      ],
      "fit_time_sec": 2.23
    },
    "cat": {
      "acc": 98.53840924541129,
      "macro_f1": 95.81602830227413,
      "macro_tpr": 94.84267053701016,
      "macro_fpr": 0.398255047222683,
      "confusion_matrix": [
        [
          90,
          3,
          0,
          1,
          12
        ],
        [
          6,
          120,
          0,
          0,
          4
        ],
        [
          0,
          0,
          1944,
          56,
          0
        ],
        [
          0,
          0,
          0,
          1648,
          0
        ],
        [
          2,
          1,
          1,
          0,
          1996
        ]
      ],
      "per_class_f1": [
        0.8823529411764706,
        0.9448818897637795,
        0.9855513307984791,
        0.9830002982403817,
        0.9950149551345963
      ],
      "fit_time_sec": 5.39
    },
    "lgbm": {
      "acc": 98.65737593473828,
      "macro_f1": 96.65739762055871,
      "macro_tpr": 95.87573294629898,
      "macro_fpr": 0.36724463376022143,
      "confusion_matrix": [
        [
          97,
          1,
          0,
          1,
          7
        ],
        [
          7,
          118,
          0,
          0,
          5
        ],
        [
          0,
          0,
          1944,
          56,
          0
        ],
        [
          0,
          0,
          0,
          1648,
          0
        ],
        [
          0,
          1,
          1,
          0,
          1998
        ]
      ],
      "per_class_f1": [
        0.9238095238095239,
        0.944,
        0.9855513307984791,
        0.9830002982403817,
        0.9965087281795512
      ],
      "fit_time_sec": 1.69
    },
    "et": {
      "acc": 98.65737593473828,
      "macro_f1": 96.28294597159464,
      "macro_tpr": 96.01957910014514,
      "macro_fpr": 0.35758829017616334,
      "confusion_matrix": [
        [
          97,
          4,
          0,
          0,
          5
        ],
        [
          9,
          119,
          0,
          0,
          2
        ],
        [
          0,
          0,
          1943,
          56,
          1
        ],
        [
          0,
          0,
          0,
          1648,
          0
        ],
        [
          1,
          1,
          0,
          0,
          1998
        ]
      ],
      "per_class_f1": [
        0.9107981220657277,
        0.937007874015748,
        0.985544002028912,
        0.9832935560859188,
        0.9975037443834248
      ],
      "fit_time_sec": 0.34
    },
    "mlp": {
      "acc": 98.06254248810333,
      "macro_f1": 93.08661318604496,
      "macro_tpr": 91.12841799709726,
      "macro_fpr": 0.5268379582660576,
      "confusion_matrix": [
        [
          74,
          11,
          0,
          5,
          16
        ],
        [
          3,
          116,
          0,
          7,
          4
        ],
        [
          0,
          0,
          1943,
          56,
          1
        ],
        [
          0,
          0,
          0,
          1648,
          0
        ],
        [
          2,
          1,
          2,
          6,
          1989
        ]
      ],
      "per_class_f1": [
        0.8,
        0.8992248062015504,
        0.985044359949303,
        0.9780415430267062,
        0.9920199501246882
      ],
      "fit_time_sec": 16.02
    }
  },
  "label_names": [
    "Backdoor",
    "CommInj",
    "DoS",
    "Reconn",
    "normal"
  ]
}