{
  "model": "cat",
  "metrics": {
    "acc": 98.53840924541129,
    "macro_f1": 95.81602830227413,
    "macro_tpr": 94.84267053701016,
    "macro_fpr": 0.398255047222683,
    "confusion_matrix": [
      [
        90,
        3,
        0,
        1,
        12
      ],
      [
        6,
        120,
        0,
        0,
        4
      ],
      [
        0,
        0,
        1944,
        56,
        0
      ],
      [
        0,
        0,
        0,
        1648,
        0
      ],
      [
        2,
        1,
        1,
        0,
        1996
      ]
    ],
    "per_class_f1": [
      0.8823529411764706,
      0.9448818897637795,
      0.9855513307984791,
      0.9830002982403817,
      0.9950149551345963
    ],
    "fit_time_sec": 5.39
  },
  "fit_time_sec": 5.39,
  "labels": [
    0,
    1,
    2,
    3,
    4
  ],
  "label_names": [
    "Backdoor",
    "CommInj",
    "DoS",
    "Reconn",
    "normal"
  ],
  "model_path": "/Users/trungnguye2n.dev/foami-plus/IIOT-2021/training/models/final_cat.pkl"
}