{
  "models": {
    "rf": {
      "acc": 98.6743711760707,
      "macro_f1": 96.63857894870904,
      "macro_tpr": 96.24309143686501,
      "macro_fpr": 0.357488297797181,
      "confusion_matrix": [
        [
          99,
          3,
          0,
          0,
          4
        ],
        [
          7,
          118,
          0,
          0,
          5
        ],
        [
          0,
          0,
          1943,
          56,
          1
        ],
        [
          0,
          0,
          0,
          1648,
          0
        ],
        [
          1,
          1,
          0,
          0,
          1998
        ]
      ],
      "per_class_f1": [
        0.9295774647887324,
        0.9365079365079365,
        0.985544002028912,
        0.9832935560859188,
        0.9970059880239521
      ],
      "fit_time_sec": 1.61
    },
    "xgb": {
      "acc": 98.62338545207342,
      "macro_f1": 96.75642682779116,
      "macro_tpr": 96.39177068214805,
      "macro_fpr": 0.3720279680679123,
      "confusion_matrix": [
        [
          100,
          2,
          0,
          1,
          3
        ],
        [
          7,
          118,
          0,
          0,
          5
        ],
        [
          0,
          0,
          1944,
          56,
          0
        ],
        [
          0,
          0,
          0,
          1648,
          0
        ],
        [
          2,
          0,
          0,
          5,
          1993
        ]
      ],
      "per_class_f1": [
        0.9302325581395349,
        0.944,
        0.9858012170385395,
        0.9815366289458011,
        0.9962509372656836
      ],
      "fit_time_sec": 0.64
    },
    "cat": {
      "acc": 98.6743711760707,
      "macro_f1": 96.59679432134803,
      "macro_tpr": 97.0646855580763,
      "macro_fpr": 0.3473607462584241,
      "confusion_matrix": [
        [
          102,
          3,
          0,
          0,
          1
        ],
        [
          9,
          120,
          0,
          0,
          1
        ],
        [
          0,
          0,
          1944,
          56,
          0
        ],
        [
          0,
          1,
          0,
          1647,
          0
        ],
        [
          5,
          0,
          2,
          0,
          1993
        ]
      ],
      "per_class_f1": [
        0.918918918918919,
        0.9448818897637795,
        0.9853015712113533,
        0.9829901521933752,
        0.997747183979975
      ],
      "fit_time_sec": 4.5
    },
    "lgbm": {
      "acc": 98.6743711760707,
      "macro_f1": 96.36841155684608,
      "macro_tpr": 96.064412191582,
      "macro_fpr": 0.3536701144522375,
      "confusion_matrix": [
        [
          98,
          3,
          0,
          1,
          4
        ],
        [
          10,
          118,
          0,
          0,
          2
        ],
        [
          0,
          0,
          1944,
          56,
          0
        ],
        [
          0,
          0,
          0,
          1648,
          0
        ],
        [
          1,
          0,
          1,
          0,
          1998
        ]
      ],
      "per_class_f1": [
        0.9116279069767442,
        0.9402390438247012,
        0.9855513307984791,
        0.9830002982403817,
        0.998001998001998
      ],
      "fit_time_sec": 0.78
    },
    "et": {
      "acc": 98.64038069340585,
      "macro_f1": 96.1928184282767,
      "macro_tpr": 96.00957910014515,
      "macro_fpr": 0.3610496955067275,
      "confusion_matrix": [
        [
          97,
          4,
          0,
          0,
          5
        ],
        [
          9,
          119,
          0,
          0,
          2
        ],
        [
          0,
          0,
          1943,
          56,
          1
        ],
        [
          0,
          0,
          0,
          1648,
          0
        ],
        [
          2,
          1,
          0,
          0,
          1997
        ]
      ],
      "per_class_f1": [
        0.9065420560747663,
        0.937007874015748,
        0.985544002028912,
        0.9832935560859188,
        0.9972534332084894
      ],
      "fit_time_sec": 0.22
    },
    "mlp": {
      "acc": 97.7226376614548,
      "macro_f1": 93.67097464111734,
      "macro_tpr": 96.7923778657686,
      "macro_fpr": 0.5709769666840293,
      "confusion_matrix": [
        [
          102,
          3,
          0,
          1,
          0
        ],
        [
          8,
          122,
          0,
          0,
          0
        ],
        [
          6,
          1,
          1933,
          56,
          4
        ],
        [
          0,
          1,
          0,
          1647,
          0
        ],
        [
          18,
          18,
          13,
          5,
          1946
        ]
      ],
      "per_class_f1": [
        0.85,
        0.8872727272727273,
        0.979726305119108,
        0.9812332439678284,
        0.9853164556962025
      ],
      "fit_time_sec": 6.04
    }
  },
  "label_names": [
    "Backdoor",
    "CommInj",
    "DoS",
    "Reconn",
    "normal"
  ]
}