{
  "model": "et",
  "variant": "standard",
  "metrics": {
    "acc": 98.65737593473828,
    "macro_f1": 96.43902354367111,
    "macro_tpr": 96.30727140783746,
    "macro_fpr": 0.35758829017616334,
    "confusion_matrix": [
      [
        97,
        4,
        0,
        0,
        5
      ],
      [
        7,
        121,
        0,
        0,
        2
      ],
      [
        0,
        0,
        1943,
        56,
        1
      ],
      [
        0,
        0,
        0,
        1648,
        0
      ],
      [
        3,
        1,
        0,
        0,
        1996
      ]
    ],
    "per_class_f1": [
      0.9107981220657277,
      0.9453125,
      0.985544002028912,
      0.9832935560859188,
      0.997002997002997
    ],
    "fit_time_sec": 0.23
  },
  "fit_time_sec": 0.23,
  "labels": [
    0,
    1,
    2,
    3,
    4
  ],
  "label_names": [
    "Backdoor",
    "CommInj",
    "DoS",
    "Reconn",
    "normal"
  ],
  "model_path": "/Users/trungnguye2n.dev/foami-plus/IIOT-2021/training/models/standard_et.pkl"
}