{
  "variant": "topup_t2000_e50",
  "target_rare": 2000,
  "epochs": 50,
  "train_path": "datasets/train_topup_t2000_e50.csv",
  "test_path": "/Users/trungnguye2n.dev/foami-plus/IIOT-2021/datasets/test_final.csv",
  "n_features": 23,
  "labels": [
    0,
    1,
    2,
    3,
    4
  ],
  "label_names": [
    "Backdoor",
    "CommInj",
    "DoS",
    "Reconn",
    "normal"
  ],
  "models": {
    "rf": {
      "acc": 98.6743711760707,
      "macro_f1": 96.5525707622042,
      "macro_tpr": 96.20825834542815,
      "macro_fpr": 0.35581481010205857,
      "confusion_matrix": [
        [
          98,
          4,
          0,
          0,
          4
        ],
        [
          7,
          119,
          0,
          0,
          4
        ],
        [
          0,
          0,
          1943,
          56,
          1
        ],
        [
          0,
          0,
          0,
          1648,
          0
        ],
        [
          1,
          1,
          0,
          0,
          1998
        ]
      ],
      "per_class_f1": [
        0.9245283018867925,
        0.937007874015748,
        0.985544002028912,
        0.9832935560859188,
        0.9972548040928375
      ],
      "fit_time_sec": 3.23
    },
    "xgb": {
      "acc": 98.57239972807615,
      "macro_f1": 96.20739766298982,
      "macro_tpr": 95.82573294629898,
      "macro_fpr": 0.38242662162094193,
      "confusion_matrix": [
        [
          97,
          3,
          0,
          1,
          5
        ],
        [
          9,
          118,
          0,
          0,
          3
        ],
        [
          0,
          0,
          1944,
          56,
          0
        ],
        [
          0,
          0,
          0,
          1648,
          0
        ],
        [
          2,
          0,
          0,
          5,
          1993
        ]
      ],
      "per_class_f1": [
        0.9065420560747663,
        0.9402390438247012,
        0.9858012170385395,
        0.9815366289458011,
        0.9962509372656836
      ],
      "fit_time_sec": 0.79
    }
  }
}