{
  "variant": "topup_t200_e50",
  "target_rare": 200,
  "epochs": 50,
  "train_path": "datasets/train_topup_t200_e50.csv",
  "test_path": "/Users/trungnguye2n.dev/foami-plus/IIOT-2021/datasets/test_final.csv",
  "n_features": 23,
  "labels": [
    0,
    1,
    2,
    3,
    4
  ],
  "label_names": [
    "Backdoor",
    "CommInj",
    "DoS",
    "Reconn",
    "normal"
  ],
  "models": {
    "rf": {
      "acc": 98.6743711760707,
      "macro_f1": 96.62166620952337,
      "macro_tpr": 96.20825834542815,
      "macro_fpr": 0.357488297797181,
      "confusion_matrix": [
        [
          98,
          3,
          0,
          0,
          5
        ],
        [
          7,
          119,
          0,
          0,
          4
        ],
        [
          0,
          0,
          1943,
          56,
          1
        ],
        [
          0,
          0,
          0,
          1648,
          0
        ],
        [
          1,
          1,
          0,
          0,
          1998
        ]
      ],
      "per_class_f1": [
        0.9245283018867925,
        0.9407114624505929,
        0.985544002028912,
        0.9832935560859188,
        0.9970059880239521
      ],
      "fit_time_sec": 2.14
    },
    "xgb": {
      "acc": 98.487423521414,
      "macro_f1": 95.77109618704723,
      "macro_tpr": 94.91716981132076,
      "macro_fpr": 0.4094477421031695,
      "confusion_matrix": [
        [
          93,
          3,
          0,
          2,
          8
        ],
        [
          8,
          117,
          0,
          0,
          5
        ],
        [
          0,
          0,
          1944,
          56,
          0
        ],
        [
          0,
          0,
          0,
          1648,
          0
        ],
        [
          1,
          1,
          0,
          5,
          1993
        ]
      ],
      "per_class_f1": [
        0.8942307692307693,
        0.9322709163346613,
        0.9858012170385395,
        0.9812444179815422,
        0.9950074887668497
      ],
      "fit_time_sec": 7.73
    }
  }
}