{
  "variant": "topup_t200_e200",
  "target_rare": 200,
  "epochs": 200,
  "train_path": "datasets/train_topup_t200_e200.csv",
  "test_path": "/Users/trungnguye2n.dev/foami-plus/IIOT-2021/datasets/test_final.csv",
  "n_features": 23,
  "labels": [
    0,
    1,
    2,
    3,
    4
  ],
  "label_names": [
    "Backdoor",
    "CommInj",
    "DoS",
    "Reconn",
    "normal"
  ],
  "models": {
    "rf": {
      "acc": 98.6743711760707,
      "macro_f1": 96.62166620952337,
      "macro_tpr": 96.20825834542815,
      "macro_fpr": 0.357488297797181,
      "confusion_matrix": [
        [
          98,
          3,
          0,
          0,
          5
        ],
        [
          7,
          119,
          0,
          0,
          4
        ],
        [
          0,
          0,
          1943,
          56,
          1
        ],
        [
          0,
          0,
          0,
          1648,
          0
        ],
        [
          1,
          1,
          0,
          0,
          1998
        ]
      ],
      "per_class_f1": [
        0.9245283018867925,
        0.9407114624505929,
        0.985544002028912,
        0.9832935560859188,
        0.9970059880239521
      ],
      "fit_time_sec": 1.69
    },
    "xgb": {
      "acc": 98.65737593473828,
      "macro_f1": 96.42961321941303,
      "macro_tpr": 95.76671988388969,
      "macro_fpr": 0.3638687832473025,
      "confusion_matrix": [
        [
          98,
          2,
          0,
          1,
          5
        ],
        [
          8,
          116,
          0,
          0,
          6
        ],
        [
          0,
          0,
          1944,
          56,
          0
        ],
        [
          0,
          0,
          0,
          1648,
          0
        ],
        [
          1,
          0,
          0,
          0,
          1999
        ]
      ],
      "per_class_f1": [
        0.92018779342723,
        0.9354838709677419,
        0.9858012170385395,
        0.9830002982403817,
        0.9970074812967581
      ],
      "fit_time_sec": 2.92
    }
  }
}