{
  "variant": "topup_t2000_e200",
  "target_rare": 2000,
  "epochs": 200,
  "train_path": "datasets/train_topup_t2000_e200.csv",
  "test_path": "/Users/trungnguye2n.dev/foami-plus/IIOT-2021/datasets/test_final.csv",
  "n_features": 23,
  "labels": [
    0,
    1,
    2,
    3,
    4
  ],
  "label_names": [
    "Backdoor",
    "CommInj",
    "DoS",
    "Reconn",
    "normal"
  ],
  "models": {
    "rf": {
      "acc": 98.6743711760707,
      "macro_f1": 96.5525707622042,
      "macro_tpr": 96.20825834542815,
      "macro_fpr": 0.35581481010205857,
      "confusion_matrix": [
        [
          98,
          4,
          0,
          0,
          4
        ],
        [
          7,
          119,
          0,
          0,
          4
        ],
        [
          0,
          0,
          1943,
          56,
          1
        ],
        [
          0,
          0,
          0,
          1648,
          0
        ],
        [
          1,
          1,
          0,
          0,
          1998
        ]
      ],
      "per_class_f1": [
        0.9245283018867925,
        0.937007874015748,
        0.985544002028912,
        0.9832935560859188,
        0.9972548040928375
      ],
      "fit_time_sec": 2.67
    },
    "xgb": {
      "acc": 98.62338545207342,
      "macro_f1": 96.26639963181259,
      "macro_tpr": 96.06924528301887,
      "macro_fpr": 0.36741574339551203,
      "confusion_matrix": [
        [
          99,
          1,
          0,
          1,
          5
        ],
        [
          10,
          117,
          0,
          0,
          3
        ],
        [
          0,
          0,
          1944,
          56,
          0
        ],
        [
          0,
          0,
          0,
          1648,
          0
        ],
        [
          3,
          1,
          1,
          0,
          1995
        ]
      ],
      "per_class_f1": [
        0.908256880733945,
        0.9397590361445783,
        0.9855513307984791,
        0.9830002982403817,
        0.9967524356732451
      ],
      "fit_time_sec": 0.75
    }
  }
}