{
  "variant": "topup_t5000_e50",
  "target_rare": 5000,
  "epochs": 50,
  "train_path": "datasets/train_topup_t5000_e50.csv",
  "test_path": "/Users/trungnguye2n.dev/foami-plus/IIOT-2021/datasets/test_final.csv",
  "n_features": 23,
  "labels": [
    0,
    1,
    2,
    3,
    4
  ],
  "label_names": [
    "Backdoor",
    "CommInj",
    "DoS",
    "Reconn",
    "normal"
  ],
  "models": {
    "rf": {
      "acc": 98.6743711760707,
      "macro_f1": 96.5525707622042,
      "macro_tpr": 96.20825834542815,
      "macro_fpr": 0.35581481010205857,
      "confusion_matrix": [
        [
          98,
          4,
          0,
          0,
          4
        ],
        [
          7,
          119,
          0,
          0,
          4
        ],
        [
          0,
          0,
          1943,
          56,
          1
        ],
        [
          0,
          0,
          0,
          1648,
          0
        ],
        [
          1,
          1,
          0,
          0,
          1998
        ]
      ],
      "per_class_f1": [
        0.9245283018867925,
        0.937007874015748,
        0.985544002028912,
        0.9832935560859188,
        0.9972548040928375
      ],
      "fit_time_sec": 3.24
    },
    "xgb": {
      "acc": 98.55540448674371,
      "macro_f1": 96.43852340624073,
      "macro_tpr": 95.81573294629898,
      "macro_fpr": 0.391783937435969,
      "confusion_matrix": [
        [
          97,
          2,
          0,
          2,
          5
        ],
        [
          7,
          118,
          0,
          0,
          5
        ],
        [
          0,
          0,
          1944,
          56,
          0
        ],
        [
          0,
          0,
          0,
          1648,
          0
        ],
        [
          1,
          1,
          0,
          6,
          1992
        ]
      ],
      "per_class_f1": [
        0.919431279620853,
        0.9402390438247012,
        0.9858012170385395,
        0.9809523809523809,
        0.9955022488755623
      ],
      "fit_time_sec": 21.72
    }
  }
}