{
  "variant": "topup_t1000_e50",
  "target_rare": 1000,
  "epochs": 50,
  "train_path": "datasets/train_topup_t1000_e50.csv",
  "test_path": "/Users/trungnguye2n.dev/foami-plus/IIOT-2021/datasets/test_final.csv",
  "n_features": 23,
  "labels": [
    0,
    1,
    2,
    3,
    4
  ],
  "label_names": [
    "Backdoor",
    "CommInj",
    "DoS",
    "Reconn",
    "normal"
  ],
  "models": {
    "rf": {
      "acc": 98.69136641740313,
      "macro_f1": 96.72762578893987,
      "macro_tpr": 96.39693759071116,
      "macro_fpr": 0.3523389672101573,
      "confusion_matrix": [
        [
          99,
          3,
          0,
          0,
          4
        ],
        [
          7,
          119,
          0,
          0,
          4
        ],
        [
          0,
          0,
          1943,
          56,
          1
        ],
        [
          0,
          0,
          0,
          1648,
          0
        ],
        [
          1,
          1,
          0,
          0,
          1998
        ]
      ],
      "per_class_f1": [
        0.9295774647887324,
        0.9407114624505929,
        0.985544002028912,
        0.9832935560859188,
        0.9972548040928375
      ],
      "fit_time_sec": 1.98
    },
    "xgb": {
      "acc": 98.70836165873556,
      "macro_f1": 96.50801401849705,
      "macro_tpr": 96.58561683599419,
      "macro_fpr": 0.3395821450559207,
      "confusion_matrix": [
        [
          100,
          3,
          0,
          2,
          1
        ],
        [
          11,
          119,
          0,
          0,
          0
        ],
        [
          0,
          0,
          1944,
          56,
          0
        ],
        [
          0,
          0,
          0,
          1648,
          0
        ],
        [
          1,
          1,
          1,
          0,
          1997
        ]
      ],
      "per_class_f1": [
        0.9174311926605505,
        0.9407114624505929,
        0.9855513307984791,
        0.9827072152653548,
        0.9989994997498749
      ],
      "fit_time_sec": 5.88
    }
  }
}