{
  "variant": "topup_t5000_e200",
  "target_rare": 5000,
  "epochs": 200,
  "train_path": "datasets/train_topup_t5000_e200.csv",
  "test_path": "/Users/trungnguye2n.dev/foami-plus/IIOT-2021/datasets/test_final.csv",
  "n_features": 23,
  "labels": [
    0,
    1,
    2,
    3,
    4
  ],
  "label_names": [
    "Backdoor",
    "CommInj",
    "DoS",
    "Reconn",
    "normal"
  ],
  "models": {
    "rf": {
      "acc": 98.64038069340585,
      "macro_f1": 96.38225484607219,
      "macro_tpr": 96.18825834542817,
      "macro_fpr": 0.362752058324524,
      "confusion_matrix": [
        [
          98,
          4,
          0,
          0,
          4
        ],
        [
          7,
          119,
          0,
          0,
          4
        ],
        [
          0,
          0,
          1943,
          56,
          1
        ],
        [
          0,
          0,
          0,
          1648,
          0
        ],
        [
          2,
          2,
          0,
          0,
          1996
        ]
      ],
      "per_class_f1": [
        0.92018779342723,
        0.9333333333333333,
        0.985544002028912,
        0.9832935560859188,
        0.9967540574282148
      ],
      "fit_time_sec": 4.31
    },
    "xgb": {
      "acc": 98.69136641740313,
      "macro_f1": 96.75738315622203,
      "macro_tpr": 96.36210449927431,
      "macro_fpr": 0.35355568451191804,
      "confusion_matrix": [
        [
          98,
          1,
          0,
          1,
          6
        ],
        [
          7,
          120,
          0,
          0,
          3
        ],
        [
          0,
          0,
          1944,
          56,
          0
        ],
        [
          0,
          0,
          0,
          1648,
          0
        ],
        [
          3,
          0,
          0,
          0,
          1997
        ]
      ],
      "per_class_f1": [
        0.9158878504672897,
        0.9561752988047809,
        0.9858012170385395,
        0.9830002982403817,
        0.9970044932601099
      ],
      "fit_time_sec": 26.3
    }
  }
}