{
  "variant": "topup_t1000_e200",
  "target_rare": 1000,
  "epochs": 200,
  "train_path": "datasets/train_topup_t1000_e200.csv",
  "test_path": "/Users/trungnguye2n.dev/foami-plus/IIOT-2021/datasets/test_final.csv",
  "n_features": 23,
  "labels": [
    0,
    1,
    2,
    3,
    4
  ],
  "label_names": [
    "Backdoor",
    "CommInj",
    "DoS",
    "Reconn",
    "normal"
  ],
  "models": {
    "rf": {
      "acc": 98.69136641740313,
      "macro_f1": 96.72762578893987,
      "macro_tpr": 96.39693759071116,
      "macro_fpr": 0.3523389672101573,
      "confusion_matrix": [
        [
          99,
          3,
          0,
          0,
          4
        ],
        [
          7,
          119,
          0,
          0,
          4
        ],
        [
          0,
          0,
          1943,
          56,
          1
        ],
        [
          0,
          0,
          0,
          1648,
          0
        ],
        [
          1,
          1,
          0,
          0,
          1998
        ]
      ],
      "per_class_f1": [
        0.9295774647887324,
        0.9407114624505929,
        0.985544002028912,
        0.9832935560859188,
        0.9972548040928375
      ],
      "fit_time_sec": 2.23
    },
    "xgb": {
      "acc": 98.50441876274643,
      "macro_f1": 95.55322123734868,
      "macro_tpr": 95.21486211901305,
      "macro_fpr": 0.3958732227951854,
      "confusion_matrix": [
        [
          93,
          4,
          0,
          2,
          7
        ],
        [
          11,
          119,
          0,
          0,
          0
        ],
        [
          0,
          0,
          1944,
          56,
          0
        ],
        [
          0,
          0,
          0,
          1648,
          0
        ],
        [
          2,
          1,
          0,
          5,
          1992
        ]
      ],
      "per_class_f1": [
        0.8773584905660378,
        0.937007874015748,
        0.9858012170385395,
        0.9812444179815422,
        0.9962490622655664
      ],
      "fit_time_sec": 1.92
    }
  }
}