{
  "variant": "topup_t500_e50",
  "target_rare": 500,
  "epochs": 50,
  "train_path": "datasets/train_topup_t500_e50.csv",
  "test_path": "/Users/trungnguye2n.dev/foami-plus/IIOT-2021/datasets/test_final.csv",
  "n_features": 23,
  "labels": [
    0,
    1,
    2,
    3,
    4
  ],
  "label_names": [
    "Backdoor",
    "CommInj",
    "DoS",
    "Reconn",
    "normal"
  ],
  "models": {
    "rf": {
      "acc": 98.6743711760707,
      "macro_f1": 96.5525707622042,
      "macro_tpr": 96.20825834542815,
      "macro_fpr": 0.35581481010205857,
      "confusion_matrix": [
        [
          98,
          4,
          0,
          0,
          4
        ],
        [
          7,
          119,
          0,
          0,
          4
        ],
        [
          0,
          0,
          1943,
          56,
          1
        ],
        [
          0,
          0,
          0,
          1648,
          0
        ],
        [
          1,
          1,
          0,
          0,
          1998
        ]
      ],
      "per_class_f1": [
        0.9245283018867925,
        0.937007874015748,
        0.985544002028912,
        0.9832935560859188,
        0.9972548040928375
      ],
      "fit_time_sec": 1.87
    },
    "xgb": {
      "acc": 98.6743711760707,
      "macro_f1": 96.68997489170351,
      "macro_tpr": 96.02957910014513,
      "macro_fpr": 0.3604362530394124,
      "confusion_matrix": [
        [
          97,
          3,
          0,
          1,
          5
        ],
        [
          6,
          119,
          0,
          0,
          5
        ],
        [
          0,
          0,
          1944,
          56,
          0
        ],
        [
          0,
          0,
          0,
          1648,
          0
        ],
        [
          0,
          1,
          1,
          0,
          1998
        ]
      ],
      "per_class_f1": [
        0.9282296650717703,
        0.9407114624505929,
        0.9855513307984791,
        0.9830002982403817,
        0.9970059880239521
      ],
      "fit_time_sec": 0.72
    }
  }
}