{
  "variant": "topup_t500_e200",
  "target_rare": 500,
  "epochs": 200,
  "train_path": "datasets/train_topup_t500_e200.csv",
  "test_path": "/Users/trungnguye2n.dev/foami-plus/IIOT-2021/datasets/test_final.csv",
  "n_features": 23,
  "labels": [
    0,
    1,
    2,
    3,
    4
  ],
  "label_names": [
    "Backdoor",
    "CommInj",
    "DoS",
    "Reconn",
    "normal"
  ],
  "models": {
    "rf": {
      "acc": 98.6743711760707,
      "macro_f1": 96.62166620952337,
      "macro_tpr": 96.20825834542815,
      "macro_fpr": 0.357488297797181,
      "confusion_matrix": [
        [
          98,
          3,
          0,
          0,
          5
        ],
        [
          7,
          119,
          0,
          0,
          4
        ],
        [
          0,
          0,
          1943,
          56,
          1
        ],
        [
          0,
          0,
          0,
          1648,
          0
        ],
        [
          1,
          1,
          0,
          0,
          1998
        ]
      ],
      "per_class_f1": [
        0.9245283018867925,
        0.9407114624505929,
        0.985544002028912,
        0.9832935560859188,
        0.9970059880239521
      ],
      "fit_time_sec": 2.12
    },
    "xgb": {
      "acc": 98.55540448674371,
      "macro_f1": 96.12584116836898,
      "macro_tpr": 94.99651669085631,
      "macro_fpr": 0.39814061728236355,
      "confusion_matrix": [
        [
          90,
          2,
          0,
          1,
          13
        ],
        [
          4,
          121,
          0,
          0,
          5
        ],
        [
          0,
          0,
          1944,
          56,
          0
        ],
        [
          0,
          0,
          0,
          1648,
          0
        ],
        [
          3,
          0,
          1,
          0,
          1996
        ]
      ],
      "per_class_f1": [
        0.8866995073891626,
        0.9565217391304348,
        0.9855513307984791,
        0.9830002982403817,
        0.9945191828599901
      ],
      "fit_time_sec": 2.74
    }
  }
}