{
  "tag": "topup_t1000_e50_full6",
  "train_path": "datasets/train_topup_t1000_e50.csv",
  "test_path": "/Users/trungnguye2n.dev/foami-plus/IIOT-2021/datasets/test_final.csv",
  "n_features": 23,
  "labels": [
    0,
    1,
    2,
    3,
    4
  ],
  "label_names": [
    "Backdoor",
    "CommInj",
    "DoS",
    "Reconn",
    "normal"
  ],
  "models": {
    "rf": {
      "acc": 98.69136641740313,
      "macro_f1": 96.72762578893987,
      "macro_tpr": 96.39693759071116,
      "macro_fpr": 0.3523389672101573,
      "confusion_matrix": [
        [
          99,
          3,
          0,
          0,
          4
        ],
        [
          7,
          119,
          0,
          0,
          4
        ],
        [
          0,
          0,
          1943,
          56,
          1
        ],
        [
          0,
          0,
          0,
          1648,
          0
        ],
        [
          1,
          1,
          0,
          0,
          1998
        ]
      ],
      "per_class_f1": [
        0.9295774647887324,
        0.9407114624505929,
        0.985544002028912,
        0.9832935560859188,
        0.9972548040928375
      ],
      "fit_time_sec": 2.84
    },
    "xgb": {
      "acc": 98.70836165873556,
      "macro_f1": 96.50801401849705,
      "macro_tpr": 96.58561683599419,
      "macro_fpr": 0.3395821450559207,
      "confusion_matrix": [
        [
          100,
          3,
          0,
          2,
          1
        ],
        [
          11,
          119,
          0,
          0,
          0
        ],
        [
          0,
          0,
          1944,
          56,
          0
        ],
        [
          0,
          0,
          0,
          1648,
          0
        ],
        [
          1,
          1,
          1,
          0,
          1997
        ]
      ],
      "per_class_f1": [
        0.9174311926605505,
        0.9407114624505929,
        0.9855513307984791,
        0.9827072152653548,
        0.9989994997498749
      ],
      "fit_time_sec": 6.27
    },
    "cat": {
      "acc": 98.7423521414004,
      "macro_f1": 96.96478357185836,
      "macro_tpr": 97.42934687953554,
      "macro_fpr": 0.33013927442324836,
      "confusion_matrix": [
        [
          103,
          3,
          0,
          0,
          0
        ],
        [
          9,
          121,
          0,
          0,
          0
        ],
        [
          0,
          0,
          1944,
          56,
          0
        ],
        [
          0,
          0,
          0,
          1648,
          0
        ],
        [
          3,
          1,
          2,
          0,
          1994
        ]
      ],
      "per_class_f1": [
        0.9321266968325792,
        0.9490196078431372,
        0.9853015712113533,
        0.9832935560859188,
        0.9984977466199298
      ],
      "fit_time_sec": 3.15
    },
    "lgbm": {
      "acc": 98.6743711760707,
      "macro_f1": 96.69419967116187,
      "macro_tpr": 96.49595065312046,
      "macro_fpr": 0.35494458199934653,
      "confusion_matrix": [
        [
          98,
          3,
          0,
          2,
          3
        ],
        [
          7,
          121,
          0,
          0,
          2
        ],
        [
          0,
          0,
          1943,
          56,
          1
        ],
        [
          0,
          0,
          0,
          1648,
          0
        ],
        [
          2,
          1,
          1,
          0,
          1996
        ]
      ],
      "per_class_f1": [
        0.92018779342723,
        0.9490196078431372,
        0.9852941176470589,
        0.9827072152653548,
        0.9975012493753124
      ],
      "fit_time_sec": 11.43
    },
    "et": {
      "acc": 98.65737593473828,
      "macro_f1": 96.43902354367111,
      "macro_tpr": 96.30727140783746,
      "macro_fpr": 0.35758829017616334,
      "confusion_matrix": [
        [
          97,
          4,
          0,
          0,
          5
        ],
        [
          7,
          121,
          0,
          0,
          2
        ],
        [
          0,
          0,
          1943,
          56,
          1
        ],
        [
          0,
          0,
          0,
          1648,
          0
        ],
        [
          3,
          1,
          0,
          0,
          1996
        ]
      ],
      "per_class_f1": [
        0.9107981220657277,
        0.9453125,
        0.985544002028912,
        0.9832935560859188,
        0.997002997002997
      ],
      "fit_time_sec": 0.26
    },
    "mlp": {
      "acc": 97.75662814411965,
      "macro_f1": 93.2866344639112,
      "macro_tpr": 94.16464441219159,
      "macro_fpr": 0.5790117037088865,
      "confusion_matrix": [
        [
          92,
          4,
          0,
          10,
          0
        ],
        [
          3,
          116,
          0,
          7,
          4
        ],
        [
          4,
          0,
          1934,
          56,
          6
        ],
        [
          0,
          0,
          0,
          1648,
          0
        ],
        [
          17,
          11,
          1,
          9,
          1962
        ]
      ],
      "per_class_f1": [
        0.8288288288288288,
        0.8888888888888888,
        0.9829733163913595,
        0.9757252812314979,
        0.9879154078549849
      ],
      "fit_time_sec": 8.21
    }
  }
}